Id,Category
0,6
1,10
2,10
3,9
4,6
5,3
6,9
7,10
8,10
9,2
10,1
11,8
12,6
13,10
14,8
15,4
16,9
17,10
18,5
19,9
20,3
21,5
22,3
23,3
24,9
25,3
26,10
27,10
28,6
29,8
30,2
31,9
32,6
33,2
34,2
35,2
36,5
37,10
38,10
39,2
40,6
41,1
42,10
43,2
44,5
45,1
46,10
47,3
48,8
49,9
50,10
51,1
52,3
53,8
54,2
55,8
56,5
57,6
58,6
59,9
60,5
61,8
62,6
63,3
64,10
65,8
66,8
67,9
68,4
69,10
70,2
71,5
72,6
73,8
74,9
75,6
76,4
77,9
78,9
79,9
80,7
81,3
82,9
83,8
84,6
85,3
86,4
87,4
88,10
89,6
90,10
91,2
92,7
93,2
94,6
95,6
96,1
97,10
98,6
99,10
100,9
101,2
102,10
103,9
104,4
105,7
106,6
107,5
108,9
109,6
110,5
111,5
112,4
113,8
114,9
115,10
116,9
117,6
118,9
119,2
120,8
121,5
122,8
123,2
124,10
125,8
126,5
127,8
128,10
129,9
130,5
131,3
132,3
133,10
134,9
135,2
136,6
137,10
138,10
139,0
140,10
141,4
142,10
143,5
144,1
145,10
146,9
147,8
148,10
149,2
150,5
151,10
152,6
153,10
154,10
155,1
156,2
157,1
158,8
159,10
160,5
161,10
162,5
163,5
164,9
165,2
166,5
167,8
168,3
169,9
170,10
171,2
172,4
173,4
174,7
175,10
176,9
177,10
178,8
179,5
180,10
181,8
182,9
183,6
184,10
185,9
186,10
187,5
188,2
189,10
190,1
191,3
192,2
193,3
194,5
195,10
196,8
197,7
198,4
199,4
200,9
201,2
202,8
203,7
204,4
205,7
206,10
207,9
208,10
209,4
210,3
211,5
212,10
213,2
214,2
215,2
216,10
217,3
218,6
219,5
220,10
221,2
222,2
223,7
224,5
225,5
226,9
227,9
228,6
229,5
230,7
231,2
232,6
233,2
234,10
235,9
236,0
237,10
238,10
239,6
240,2
241,3
242,8
243,10
244,2
245,10
246,2
247,9
248,10
249,2
250,9
251,3
252,2
253,2
254,5
255,6
256,10
257,9
258,10
259,10
260,10
261,8
262,10
263,10
264,4
265,9
266,1
267,6
268,0
269,9
270,4
271,10
272,8
273,10
274,2
275,10
276,9
277,10
278,5
279,4
280,9
281,9
282,2
283,0
284,10
285,9
286,2
287,4
288,3
289,10
290,9
291,4
292,8
293,10
294,10
295,6
296,7
297,2
298,10
299,5
300,6
301,9
302,8
303,1
304,0
305,10
306,10
307,3
308,9
309,3
310,1
311,3
312,1
313,8
314,10
315,5
316,7
317,10
318,5
319,9
320,3
321,2
322,5
323,7
324,4
325,10
326,2
327,6
328,10
329,10
330,3
331,0
332,10
333,9
334,10
335,9
336,3
337,3
338,5
339,10
340,9
341,6
342,5
343,8
344,5
345,4
346,10
347,6
348,4
349,9
350,10
351,10
352,6
353,2
354,6
355,10
356,8
357,10
358,10
359,4
360,9
361,5
362,10
363,2
364,8
365,5
366,4
367,2
368,10
369,6
370,9
371,4
372,2
373,2
374,6
375,6
376,9
377,9
378,1
379,5
380,10
381,6
382,2
383,2
384,10
385,5
386,4
387,10
388,10
389,8
390,6
391,7
392,10
393,10
394,6
395,10
396,10
397,8
398,10
399,9
400,9
401,4
402,9
403,9
404,10
405,3
406,10
407,10
408,5
409,4
410,6
411,7
412,3
413,6
414,8
415,7
416,0
417,4
418,9
419,8
420,5
421,10
422,2
423,10
424,8
425,9
426,6
427,9
428,9
429,9
430,5
431,5
432,10
433,10
434,8
435,2
436,8
437,10
438,2
439,5
440,10
441,4
442,2
443,10
444,2
445,3
446,0
447,10
448,7
449,2
450,4
451,9
452,10
453,9
454,6
455,6
456,4
457,8
458,8
459,10
460,10
461,9
462,10
463,10
464,10
465,2
466,6
467,10
468,10
469,2
470,5
471,4
472,8
473,8
474,9
475,0
476,6
477,2
478,2
479,6
480,5
481,4
482,3
483,1
484,10
485,5
486,8
487,9
488,5
489,9
490,8
491,5
492,7
493,2
494,2
495,2
496,8
497,10
498,9
499,10
500,7
501,1
502,5
503,6
504,10
505,6
506,6
507,8
508,10
509,10
510,2
511,6
512,9
513,4
514,4
515,2
516,6
517,9
518,5
519,10
520,5
521,3
522,7
523,9
524,2
525,6
526,9
527,9
528,6
529,4
530,4
531,3
532,0
533,6
534,7
535,10
536,3
537,2
538,8
539,2
540,2
541,10
542,10
543,3
544,9
545,8
546,0
547,5
548,3
549,10
550,9
551,8
552,8
553,0
554,10
555,10
556,9
557,5
558,9
559,2
560,10
561,2
562,2
563,8
564,6
565,6
566,5
567,1
568,10
569,9
570,9
571,5
572,10
573,5
574,2
575,5
576,10
577,10
578,8
579,3
580,9
581,5
582,5
583,9
584,3
585,6
586,2
587,2
588,6
589,5
590,4
591,10
592,4
593,5
594,2
595,9
596,0
597,2
598,4
599,10
600,5
601,10
602,6
603,6
604,6
605,9
606,6
607,4
608,5
609,8
610,5
611,9
612,10
613,3
614,5
615,10
616,8
617,9
618,4
619,9
620,7
621,4
622,4
623,5
624,6
625,6
626,1
627,8
628,9
629,6
630,3
631,5
632,2
633,10
634,9
635,8
636,9
637,8
638,8
639,3
640,10
641,3
642,2
643,9
644,6
645,4
646,6
647,10
648,5
649,3
650,7
651,10
652,2
653,5
654,10
655,5
656,5
657,5
658,8
659,10
660,1
661,6
662,10
663,9
664,9
665,9
666,7
667,4
668,9
669,4
670,7
671,6
672,2
673,10
674,4
675,5
676,3
677,1
678,5
679,1
680,2
681,2
682,2
683,4
684,10
685,0
686,10
687,4
688,10
689,6
690,2
691,9
692,1
693,5
694,2
695,8
696,6
697,8
698,10
699,9
700,1
701,10
702,10
703,10
704,10
705,10
706,10
707,2
708,5
709,9
710,8
711,8
712,6
713,9
714,6
715,4
716,5
717,5
718,4
719,9
720,10
721,6
722,5
723,10
724,9
725,4
726,5
727,8
728,2
729,10
730,8
731,2
732,2
733,5
734,2
735,1
736,3
737,10
738,2
739,7
740,3
741,3
742,3
743,3
744,7
745,5
746,2
747,9
748,6
749,8
750,4
751,1
752,6
753,5
754,2
755,6
756,8
757,10
758,9
759,10
760,2
761,10
762,10
763,6
764,1
765,3
766,2
767,9
768,2
769,10
770,2
771,4
772,10
773,5
774,3
775,9
776,8
777,5
778,10
779,4
780,10
781,6
782,5
783,9
784,6
785,4
786,0
787,0
788,8
789,10
790,10
791,8
792,7
793,9
794,7
795,2
796,9
797,2
798,6
799,10
800,4
801,3
802,4
803,8
804,7
805,3
806,10
807,8
808,10
809,4
810,6
811,9
812,5
813,5
814,6
815,4
816,5
817,9
818,10
819,10
820,10
821,8
822,9
823,10
824,2
825,10
826,2
827,2
828,9
829,8
830,7
831,10
832,8
833,1
834,1
835,6
836,5
837,8
838,10
839,3
840,5
841,10
842,5
843,2
844,8
845,9
846,8
847,10
848,3
849,8
850,2
851,9
852,10
853,1
854,10
855,10
856,10
857,10
858,7
859,2
860,1
861,10
862,5
863,9
864,3
865,2
866,2
867,6
868,10
869,2
870,2
871,10
872,5
873,6
874,9
875,3
876,8
877,2
878,5
879,10
880,5
881,9
882,10
883,6
884,10
885,9
886,3
887,4
888,2
889,4
890,6
891,8
892,8
893,10
894,6
895,10
896,8
897,5
898,10
899,9
900,6
901,10
902,6
903,9
904,5
905,9
906,7
907,5
908,6
909,9
910,10
911,6
912,4
913,10
914,4
915,3
916,5
917,3
918,9
919,5
920,3
921,4
922,8
923,9
924,9
925,2
926,5
927,10
928,10
929,9
930,9
931,5
932,2
933,4
934,3
935,5
936,1
937,8
938,8
939,4
940,9
941,5
942,9
943,10
944,10
945,10
946,7
947,8
948,10
949,9
950,7
951,10
952,6
953,9
954,4
955,2
956,6
957,6
958,10
959,5
960,2
961,5
962,2
963,10
964,5
965,6
966,9
967,5
968,1
969,4
970,10
971,6
972,2
973,2
974,3
975,10
976,2
977,5
978,9
979,0
980,2
981,6
982,0
983,9
984,5
985,1
986,10
987,2
988,10
989,9
990,5
991,6
992,8
993,6
994,2
995,8
996,4
997,2
998,9
999,4
1000,9
1001,2
1002,10
1003,10
1004,3
1005,6
1006,4
1007,2
1008,1
1009,6
1010,5
1011,9
1012,6
1013,5
1014,0
1015,10
1016,4
1017,5
1018,10
1019,9
1020,10
1021,9
1022,5
1023,8
1024,9
1025,2
1026,10
1027,2
1028,10
1029,8
1030,10
1031,10
1032,6
1033,1
1034,8
1035,10
1036,8
1037,4
1038,5
1039,8
1040,9
1041,10
1042,9
1043,2
1044,8
1045,9
1046,2
1047,5
1048,5
1049,9
1050,10
1051,3
1052,9
1053,5
1054,10
1055,9
1056,0
1057,5
1058,9
1059,9
1060,10
1061,10
1062,5
1063,10
1064,9
1065,8
1066,1
1067,10
1068,4
1069,9
1070,9
1071,6
1072,7
1073,9
1074,10
1075,2
1076,8
1077,5
1078,2
1079,10
1080,9
1081,2
1082,6
1083,9
1084,2
1085,3
1086,7
1087,5
1088,2
1089,4
1090,1
1091,10
1092,1
1093,5
1094,5
1095,2
1096,10
1097,2
1098,10
1099,6
1100,7
1101,8
1102,5
1103,10
1104,6
1105,1
1106,9
1107,10
1108,8
1109,9
1110,2
1111,9
1112,2
1113,9
1114,6
1115,3
1116,9
1117,5
1118,5
1119,8
1120,6
1121,6
1122,7
1123,10
1124,1
1125,9
1126,6
1127,10
1128,8
1129,4
1130,2
1131,10
1132,2
1133,6
1134,10
1135,8
1136,10
1137,9
1138,7
1139,10
1140,6
1141,10
1142,9
1143,2
1144,8
1145,10
1146,8
1147,10
1148,1
1149,10
1150,4
1151,10
1152,10
1153,5
1154,8
1155,6
1156,5
1157,5
1158,2
1159,9
1160,8
1161,2
1162,9
1163,9
1164,10
1165,2
1166,5
1167,5
1168,2
1169,5
1170,4
1171,9
1172,6
1173,2
1174,10
1175,5
1176,10
1177,1
1178,2
1179,4
1180,1
1181,6
1182,1
1183,5
1184,2
1185,6
1186,6
1187,5
1188,8
1189,9
1190,7
1191,2
1192,8
1193,6
1194,10
1195,3
1196,4
1197,5
1198,2
1199,6
1200,2
1201,5
1202,8
1203,3
1204,8
1205,5
1206,8
1207,9
1208,9
1209,3
1210,9
1211,10
1212,5
1213,10
1214,2
1215,10
1216,8
1217,10
1218,2
1219,9
1220,10
1221,10
1222,5
1223,1
1224,6
1225,6
1226,9
1227,6
1228,10
1229,9
1230,0
1231,4
1232,10
1233,10
1234,2
1235,8
1236,10
1237,3
1238,4
1239,9
1240,2
1241,4
1242,10
1243,6
1244,9
1245,8
1246,4
1247,5
1248,3
1249,5
1250,8
1251,9
1252,10
1253,5
1254,5
1255,10
1256,4
1257,10
1258,8
1259,1
1260,1
1261,2
1262,5
1263,4
1264,4
1265,9
1266,5
1267,10
1268,10
1269,10
1270,2
1271,2
1272,2
1273,2
1274,10
1275,1
1276,0
1277,10
1278,10
1279,2
1280,2
1281,2
1282,9
1283,5
1284,6
1285,2
1286,10
1287,9
1288,10
1289,10
1290,8
1291,8
1292,5
1293,5
1294,10
1295,5
1296,2
1297,5
1298,9
1299,2
1300,9
1301,5
1302,5
1303,2
1304,0
1305,2
1306,1
1307,6
1308,2
1309,3
1310,10
1311,3
1312,9
1313,9
1314,10
1315,3
1316,6
1317,10
1318,5
1319,10
1320,2
1321,6
1322,3
1323,6
1324,10
1325,2
1326,3
1327,4
1328,4
1329,9
1330,10
1331,9
1332,9
1333,10
1334,5
1335,4
1336,10
1337,8
1338,4
1339,2
1340,2
1341,10
1342,4
1343,10
1344,9
1345,7
1346,10
1347,10
1348,10
1349,10
1350,8
1351,5
1352,1
1353,8
1354,8
1355,7
1356,5
1357,6
1358,9
1359,9
1360,6
1361,9
1362,5
1363,5
1364,10
1365,7
1366,6
1367,2
1368,9
1369,9
1370,8
1371,9
1372,2
1373,2
1374,9
1375,4
1376,10
1377,8
1378,1
1379,8
1380,4
1381,3
1382,8
1383,10
1384,5
1385,4
1386,4
1387,10
1388,9
1389,10
1390,10
1391,5
1392,2
1393,5
1394,1
1395,2
1396,10
1397,2
1398,8
1399,9
1400,9
1401,9
1402,9
1403,9
1404,9
1405,4
1406,9
1407,7
1408,8
1409,2
1410,4
1411,10
1412,6
1413,8
1414,8
1415,5
1416,8
1417,6
1418,5
1419,0
1420,10
1421,2
1422,3
1423,8
1424,10
1425,2
1426,6
1427,6
1428,5
1429,9
1430,9
1431,7
1432,8
1433,5
1434,8
1435,6
1436,5
1437,10
1438,5
1439,5
1440,9
1441,6
1442,3
1443,8
1444,10
1445,6
1446,9
1447,10
1448,7
1449,10
1450,3
1451,4
1452,8
1453,9
1454,2
1455,10
1456,9
1457,10
1458,10
1459,4
1460,2
1461,5
1462,8
1463,10
1464,9
1465,5
1466,8
1467,9
1468,8
1469,2
1470,2
1471,9
1472,9
1473,2
1474,10
1475,10
1476,9
1477,4
1478,10
1479,6
1480,6
1481,5
1482,9
1483,9
1484,6
1485,10
1486,10
1487,3
1488,10
1489,6
1490,2
1491,10
1492,8
1493,2
1494,10
1495,9
1496,9
1497,10
1498,2
1499,10
1500,10
1501,7
1502,8
1503,9
1504,9
1505,9
1506,2
1507,7
1508,8
1509,4
1510,4
1511,10
1512,10
1513,6
1514,8
1515,9
1516,10
1517,5
1518,8
1519,1
1520,5
1521,2
1522,7
1523,2
1524,4
1525,5
1526,6
1527,4
1528,4
1529,10
1530,10
1531,5
1532,0
1533,4
1534,2
1535,7
1536,8
1537,2
1538,6
1539,9
1540,9
1541,6
1542,4
1543,6
1544,6
1545,6
1546,9
1547,10
1548,10
1549,4
1550,2
1551,8
1552,6
1553,10
1554,5
1555,2
1556,2
1557,5
1558,6
1559,9
1560,0
1561,10
1562,3
1563,9
1564,7
1565,6
1566,9
1567,1
1568,9
1569,1
1570,2
1571,5
1572,10
1573,10
1574,10
1575,4
1576,2
1577,9
1578,2
1579,7
1580,9
1581,6
1582,8
1583,9
1584,8
1585,3
1586,4
1587,5
1588,2
1589,10
1590,2
1591,10
1592,9
1593,10
1594,10
1595,4
1596,10
1597,6
1598,3
1599,10
1600,9
1601,4
1602,5
1603,9
1604,8
1605,8
1606,10
1607,2
1608,10
1609,6
1610,9
1611,1
1612,9
1613,10
1614,6
1615,7
1616,6
1617,10
1618,3
1619,2
1620,4
1621,4
1622,1
1623,8
1624,10
1625,2
1626,3
1627,1
1628,9
1629,1
1630,5
1631,10
1632,5
1633,9
1634,8
1635,3
1636,6
1637,8
1638,5
1639,1
1640,5
1641,1
1642,5
1643,7
1644,9
1645,2
1646,2
1647,5
1648,1
1649,8
1650,7
1651,5
1652,10
1653,1
1654,9
1655,10
1656,1
1657,3
1658,5
1659,1
1660,7
1661,4
1662,1
1663,5
1664,5
1665,7
1666,10
1667,5
1668,0
1669,4
1670,4
1671,2
1672,6
1673,8
1674,9
1675,10
1676,5
1677,7
1678,5
1679,3
1680,10
1681,5
1682,4
1683,3
1684,5
1685,10
1686,2
1687,8
1688,8
1689,10
1690,2
1691,2
1692,5
1693,9
1694,5
1695,9
1696,8
1697,9
1698,9
1699,5
1700,4
1701,9
1702,10
1703,6
1704,8
1705,8
1706,10
1707,10
1708,0
1709,6
1710,3
1711,10
1712,2
1713,4
1714,4
1715,9
1716,10
1717,5
1718,10
1719,5
1720,8
1721,5
1722,4
1723,2
1724,9
1725,10
1726,6
1727,10
1728,1
1729,3
1730,2
1731,9
1732,9
1733,2
1734,6
1735,6
1736,3
1737,7
1738,10
1739,10
1740,2
1741,7
1742,9
1743,9
1744,10
1745,6
1746,10
1747,4
1748,6
1749,9
1750,3
1751,5
1752,6
1753,10
1754,10
1755,5
1756,3
1757,6
1758,5
1759,1
1760,1
1761,4
1762,6
1763,6
1764,10
1765,9
1766,3
1767,5
1768,3
1769,8
1770,5
1771,10
1772,10
1773,10
1774,7
1775,8
1776,10
1777,9
1778,1
1779,8
1780,4
1781,8
1782,2
1783,9
1784,9
1785,6
1786,2
1787,10
1788,10
1789,9
1790,8
1791,10
1792,9
1793,4
1794,4
1795,1
1796,5
1797,10
1798,10
1799,10
1800,10
1801,4
1802,5
1803,8
1804,6
1805,4
1806,9
1807,5
1808,9
1809,10
1810,4
1811,4
1812,4
1813,1
1814,10
1815,2
1816,2
1817,0
1818,8
1819,10
1820,9
1821,10
1822,9
1823,9
1824,2
1825,10
1826,1
1827,9
1828,9
1829,5
1830,7
1831,2
1832,4
1833,2
1834,6
1835,8
1836,10
1837,9
1838,6
1839,9
1840,9
1841,2
1842,4
1843,10
1844,9
1845,10
1846,6
1847,9
1848,5
1849,8
1850,2
1851,5
1852,10
1853,4
1854,7
1855,1
1856,6
1857,6
1858,1
1859,6
1860,9
1861,2
1862,0
1863,5
1864,10
1865,2
1866,2
1867,8
1868,1
1869,3
1870,1
1871,5
1872,0
1873,10
1874,4
1875,10
1876,8
1877,10
1878,4
1879,6
1880,3
1881,8
1882,5
1883,3
1884,10
1885,4
1886,9
1887,8
1888,5
1889,4
1890,4
1891,2
1892,9
1893,7
1894,6
1895,7
1896,7
1897,5
1898,6
1899,10
1900,10
1901,9
1902,9
1903,5
1904,10
1905,2
1906,5
1907,5
1908,10
1909,5
1910,10
1911,10
1912,4
1913,2
1914,9
1915,9
1916,5
1917,1
1918,8
1919,3
1920,8
1921,10
1922,10
1923,3
1924,6
1925,5
1926,5
1927,2
1928,8
1929,10
1930,5
1931,10
1932,1
1933,10
1934,5
1935,8
1936,10
1937,6
1938,6
1939,4
1940,6
1941,4
1942,10
1943,9
1944,6
1945,9
1946,6
1947,8
1948,10
1949,5
1950,9
1951,9
1952,10
1953,6
1954,8
1955,2
1956,2
1957,3
1958,9
1959,2
1960,2
1961,10
1962,3
1963,6
1964,2
1965,10
1966,5
1967,8
1968,6
1969,5
1970,6
1971,10
1972,5
1973,9
1974,5
1975,2
1976,9
1977,10
1978,9
1979,2
1980,5
1981,7
1982,3
1983,3
1984,7
1985,9
1986,4
1987,2
1988,6
1989,10
1990,1
1991,7
1992,10
1993,10
1994,5
1995,10
1996,8
1997,4
1998,10
1999,7
2000,5
2001,5
2002,9
2003,2
2004,10
2005,2
2006,10
2007,9
2008,2
2009,10
2010,1
2011,1
2012,7
2013,6
2014,6
2015,10
2016,7
2017,2
2018,9
2019,8
2020,6
2021,6
2022,5
2023,9
2024,2
2025,2
2026,4
2027,10
2028,10
2029,6
2030,10
2031,10
2032,10
2033,10
2034,6
2035,10
2036,2
2037,6
2038,5
2039,6
2040,7
2041,9
2042,5
2043,6
2044,5
2045,5
2046,2
2047,8
2048,2
2049,9
2050,6
2051,3
2052,7
2053,2
2054,7
2055,0
2056,7
2057,9
2058,2
2059,9
2060,10
2061,10
2062,10
2063,0
2064,10
2065,9
2066,10
2067,10
2068,3
2069,3
2070,2
2071,9
2072,5
2073,8
2074,10
2075,9
2076,8
2077,6
2078,7
2079,6
2080,1
2081,4
2082,9
2083,9
2084,9
2085,5
2086,9
2087,2
2088,6
2089,6
2090,2
2091,10
2092,3
2093,3
2094,5
2095,10
2096,10
2097,5
2098,6
2099,10
2100,2
2101,8
2102,6
2103,5
2104,2
2105,8
2106,8
2107,5
2108,10
2109,5
2110,10
2111,10
2112,9
2113,6
2114,10
2115,8
2116,6
2117,5
2118,10
2119,10
2120,9
2121,2
2122,9
2123,10
2124,5
2125,7
2126,9
2127,4
2128,6
2129,10
2130,6
2131,9
2132,9
2133,10
2134,7
2135,5
2136,8
2137,6
2138,6
2139,2
2140,3
2141,0
2142,4
2143,10
2144,6
2145,4
2146,4
2147,7
2148,4
2149,8
2150,1
2151,10
2152,8
2153,6
2154,2
2155,6
2156,10
2157,3
2158,5
2159,5
2160,3
2161,0
2162,4
2163,6
2164,10
2165,6
2166,1
2167,10
2168,9
2169,2
2170,10
2171,6
2172,9
2173,5
2174,0
2175,3
2176,5
2177,6
2178,6
2179,4
2180,10
2181,5
2182,2
2183,6
2184,9
2185,9
2186,7
2187,8
2188,4
2189,10
2190,10
2191,6
2192,5
2193,2
2194,10
2195,2
2196,9
2197,9
2198,10
2199,5
2200,4
2201,2
2202,10
2203,5
2204,10
2205,2
2206,2
2207,2
2208,10
2209,2
2210,2
2211,10
2212,0
2213,5
2214,10
2215,5
2216,5
2217,2
2218,8
2219,9
2220,0
2221,4
2222,6
2223,2
2224,2
2225,1
2226,1
2227,8
2228,10
2229,9
2230,3
2231,2
2232,6
2233,8
2234,6
2235,6
2236,10
2237,2
2238,4
2239,10
2240,10
2241,1
2242,6
2243,10
2244,9
2245,9
2246,9
2247,2
2248,8
2249,10
2250,10
2251,10
2252,7
2253,6
2254,10
2255,10
2256,10
2257,2
2258,1
2259,8
2260,4
2261,10
2262,3
2263,4
2264,10
2265,10
2266,10
2267,7
2268,10
2269,1
2270,10
2271,9
2272,2
2273,2
2274,8
2275,9
2276,2
2277,8
2278,2
2279,10
2280,4
2281,4
2282,10
2283,3
2284,2
2285,2
2286,10
2287,5
2288,9
2289,8
2290,2
2291,2
2292,10
2293,6
2294,6
2295,9
2296,7
2297,5
2298,6
2299,10
2300,4
2301,9
2302,8
2303,6
2304,10
2305,9
2306,9
2307,10
2308,10
2309,1
2310,5
2311,5
2312,5
2313,10
2314,8
2315,2
2316,9
2317,4
2318,9
2319,9
2320,2
2321,2
2322,5
2323,10
2324,9
2325,10
2326,2
2327,4
2328,6
2329,6
2330,3
2331,2
2332,4
2333,6
2334,4
2335,6
2336,4
2337,7
2338,2
2339,10
2340,10
2341,6
2342,2
2343,6
2344,10
2345,8
2346,10
2347,3
2348,5
2349,3
2350,8
2351,6
2352,6
2353,9
2354,4
2355,3
2356,4
2357,6
2358,2
2359,9
2360,10
2361,6
2362,3
2363,9
2364,10
2365,6
2366,5
2367,6
2368,10
2369,10
2370,2
2371,6
2372,5
2373,3
2374,5
2375,1
2376,2
2377,10
2378,10
2379,2
2380,9
2381,5
2382,9
2383,10
2384,10
2385,4
2386,6
2387,9
2388,6
2389,10
2390,7
2391,10
2392,4
2393,3
2394,10
2395,5
2396,6
2397,1
2398,5
2399,7
2400,2
2401,5
2402,9
2403,10
2404,1
2405,10
2406,9
2407,8
2408,6
2409,2
2410,5
2411,2
2412,8
2413,9
2414,8
2415,9
2416,10
2417,9
2418,2
2419,2
2420,5
2421,8
2422,9
2423,5
2424,9
2425,9
2426,10
2427,6
2428,4
2429,6
2430,2
2431,4
2432,8
2433,5
2434,2
2435,10
2436,5
2437,6
2438,9
2439,9
2440,8
2441,2
2442,10
2443,10
2444,4
2445,0
2446,5
2447,8
2448,2
2449,5
2450,6
2451,8
2452,6
2453,10
2454,4
2455,6
2456,8
2457,10
2458,10
2459,1
2460,10
2461,3
2462,3
2463,2
2464,9
2465,10
2466,9
2467,8
2468,1
2469,1
2470,9
2471,6
2472,6
2473,10
2474,8
2475,6
2476,7
2477,5
2478,10
2479,8
2480,4
2481,2
2482,8
2483,2
2484,2
2485,7
2486,10
2487,3
2488,9
2489,6
2490,4
2491,9
2492,10
2493,5
2494,2
2495,5
2496,9
2497,2
2498,7
2499,2
2500,10
2501,8
2502,5
2503,5
2504,5
2505,9
2506,1
2507,8
2508,0
2509,9
2510,10
2511,0
2512,3
2513,4
2514,9
2515,4
2516,10
2517,5
2518,10
2519,10
2520,8
2521,10
2522,8
2523,4
2524,9
2525,10
2526,9
2527,8
2528,10
2529,8
2530,9
2531,9
2532,5
2533,5
2534,10
2535,4
2536,8
2537,8
2538,9
2539,9
2540,3
2541,9
2542,6
2543,10
2544,3
2545,10
2546,2
2547,8
2548,9
2549,10
2550,10
2551,8
2552,10
2553,5
2554,8
2555,5
2556,2
2557,10
2558,10
2559,10
2560,2
2561,4
2562,0
2563,9
2564,9
2565,8
2566,1
2567,5
2568,2
2569,5
2570,9
2571,10
2572,2
2573,5
2574,9
2575,9
2576,5
2577,1
2578,10
2579,8
2580,8
2581,3
2582,9
2583,9
2584,10
2585,4
2586,9
2587,0
2588,8
2589,1
2590,5
2591,4
2592,2
2593,9
2594,10
2595,10
2596,6
2597,1
2598,1
2599,3
2600,10
2601,7
2602,1
2603,5
2604,1
2605,6
2606,8
2607,6
2608,5
2609,10
2610,4
2611,9
2612,4
2613,5
2614,10
2615,5
2616,2
2617,6
2618,6
2619,10
2620,10
2621,6
2622,10
2623,2
2624,10
2625,9
2626,9
2627,9
2628,4
2629,1
2630,9
2631,9
2632,5
2633,10
2634,2
2635,6
2636,9
2637,7
2638,5
2639,4
2640,2
2641,5
2642,8
2643,10
2644,10
2645,6
2646,8
2647,2
2648,9
2649,3
2650,0
2651,4
2652,6
2653,1
2654,10
2655,10
2656,8
2657,8
2658,10
2659,1
2660,9
2661,6
2662,6
2663,6
2664,4
2665,2
2666,5
2667,10
2668,9
2669,6
2670,9
2671,9
2672,6
2673,2
2674,6
2675,5
2676,9
2677,7
2678,4
2679,0
2680,4
2681,5
2682,10
2683,8
2684,9
2685,6
2686,10
2687,2
2688,10
2689,0
2690,9
2691,5
2692,10
2693,6
2694,3
2695,9
2696,8
2697,2
2698,4
2699,10
2700,6
2701,2
2702,2
2703,1
2704,10
2705,9
2706,10
2707,9
2708,10
2709,5
2710,9
2711,7
2712,3
2713,9
2714,10
2715,9
2716,8
2717,4
2718,9
2719,10
2720,10
2721,10
2722,5
2723,6
2724,4
2725,8
2726,1
2727,2
2728,3
2729,8
2730,9
2731,4
2732,4
2733,10
2734,9
2735,9
2736,7
2737,10
2738,9
2739,2
2740,6
2741,1
2742,9
2743,5
2744,6
2745,1
2746,8
2747,4
2748,10
2749,9
2750,9
2751,3
2752,5
2753,8
2754,5
2755,6
2756,5
2757,10
2758,9
2759,10
2760,7
2761,4
2762,10
2763,3
2764,10
2765,5
2766,6
2767,4
2768,10
2769,9
2770,6
2771,6
2772,2
2773,8
2774,3
2775,10
2776,5
2777,2
2778,2
2779,10
2780,10
2781,10
2782,7
2783,5
2784,8
2785,4
2786,10
2787,9
2788,6
2789,2
2790,8
2791,6
2792,9
2793,8
2794,4
2795,8
2796,5
2797,9
2798,10
2799,9
2800,6
2801,6
2802,8
2803,1
2804,4
2805,10
2806,10
2807,8
2808,5
2809,9
2810,6
2811,10
2812,8
2813,8
2814,2
2815,10
2816,9
2817,3
2818,4
2819,2
2820,5
2821,5
2822,9
2823,10
2824,9
2825,4
2826,2
2827,4
2828,1
2829,5
2830,5
2831,9
2832,3
2833,4
2834,10
2835,4
2836,10
2837,4
2838,5
2839,5
2840,5
2841,6
2842,2
2843,7
2844,9
2845,10
2846,4
2847,10
2848,5
2849,10
2850,3
2851,0
2852,0
2853,2
2854,7
2855,9
2856,10
2857,10
2858,10
2859,4
2860,10
2861,9
2862,3
2863,0
2864,9
2865,5
2866,10
2867,9
2868,6
2869,5
2870,4
2871,8
2872,2
2873,2
2874,6
2875,3
2876,8
2877,9
2878,0
2879,4
2880,6
2881,3
2882,6
2883,8
2884,0
2885,9
2886,3
2887,2
2888,10
2889,10
2890,9
2891,8
2892,8
2893,2
2894,8
2895,2
2896,9
2897,8
2898,9
2899,10
2900,9
2901,10
2902,8
2903,9
2904,5
2905,2
2906,4
2907,10
2908,3
2909,3
2910,9
2911,10
2912,5
2913,5
2914,9
2915,10
2916,2
2917,9
2918,10
2919,5
2920,5
2921,3
2922,5
2923,10
2924,3
2925,8
2926,1
2927,4
2928,2
2929,9
2930,7
2931,6
2932,2
2933,9
2934,9
2935,8
2936,6
2937,4
2938,10
2939,8
2940,1
2941,4
2942,5
2943,2
2944,5
2945,9
2946,9
2947,4
2948,4
2949,10
2950,10
2951,2
2952,4
2953,6
2954,2
2955,3
2956,8
2957,10
2958,3
2959,8
2960,4
2961,2
2962,9
2963,9
2964,2
2965,6
2966,7
2967,4
2968,9
2969,2
2970,10
2971,9
2972,9
2973,4
2974,5
2975,5
2976,10
2977,4
2978,10
2979,2
2980,8
2981,10
2982,2
2983,10
2984,7
2985,2
2986,3
2987,6
2988,7
2989,6
2990,9
2991,5
2992,5
2993,7
2994,9
2995,9
2996,5
2997,2
2998,5
2999,8
3000,10
3001,9
3002,1
3003,2
3004,5
3005,10
3006,10
3007,2
3008,0
3009,10
3010,6
3011,9
3012,6
3013,9
3014,2
3015,10
3016,5
3017,5
3018,5
3019,10
3020,6
3021,9
3022,5
3023,4
3024,4
3025,10
3026,6
3027,8
3028,10
3029,6
3030,3
3031,6
3032,9
3033,5
3034,10
3035,10
3036,1
3037,2
3038,10
3039,10
3040,10
3041,9
3042,10
3043,2
3044,1
3045,3
3046,10
3047,1
3048,5
3049,4
3050,2
3051,10
3052,8
3053,10
3054,6
3055,9
3056,2
3057,9
3058,8
3059,10
3060,8
3061,6
3062,10
3063,9
3064,4
3065,9
3066,7
3067,6
3068,10
3069,5
3070,3
3071,8
3072,10
3073,6
3074,10
3075,6
3076,8
3077,3
3078,0
3079,5
3080,9
3081,10
3082,6
3083,8
3084,8
3085,10
3086,10
3087,9
3088,6
3089,5
3090,9
3091,10
3092,9
3093,2
3094,7
3095,4
3096,9
3097,5
3098,9
3099,4
3100,9
3101,9
3102,5
3103,9
3104,8
3105,0
3106,9
3107,9
3108,8
3109,8
3110,9
3111,6
3112,5
3113,5
3114,9
3115,9
3116,2
3117,5
3118,6
3119,10
3120,10
3121,9
3122,5
3123,4
3124,10
3125,3
3126,8
3127,5
3128,7
3129,10
3130,7
3131,2
3132,4
3133,6
3134,5
3135,4
3136,4
3137,9
3138,2
3139,5
3140,5
3141,6
3142,9
3143,9
3144,10
3145,8
3146,10
3147,10
3148,2
3149,4
3150,10
3151,5
3152,5
3153,3
3154,9
3155,9
3156,4
3157,4
3158,4
3159,9
3160,6
3161,1
3162,8
3163,10
3164,9
3165,4
3166,6
3167,9
3168,8
3169,4
3170,9
3171,9
3172,0
3173,7
3174,3
3175,6
3176,10
3177,4
3178,6
3179,3
3180,8
3181,10
3182,9
3183,8
3184,1
3185,8
3186,9
3187,10
3188,5
3189,6
3190,7
3191,3
3192,9
3193,4
3194,2
3195,4
3196,10
3197,10
3198,2
3199,3
3200,10
3201,3
3202,10
3203,9
3204,6
3205,10
3206,10
3207,6
3208,10
3209,5
3210,2
3211,2
3212,9
3213,2
3214,10
3215,9
3216,9
3217,2
3218,8
3219,9
3220,9
3221,9
3222,2
3223,2
3224,3
3225,4
3226,9
3227,9
3228,4
3229,6
3230,6
3231,2
3232,6
3233,5
3234,6
3235,5
3236,4
3237,6
3238,2
3239,6
3240,9
3241,10
3242,6
3243,8
3244,3
3245,6
3246,10
3247,1
3248,9
3249,6
3250,10
3251,5
3252,1
3253,6
3254,8
3255,9
3256,3
3257,8
3258,2
3259,5
3260,9
3261,5
3262,3
3263,5
3264,6
3265,5
3266,9
3267,8
3268,8
3269,6
3270,2
3271,4
3272,6
3273,10
3274,4
3275,8
3276,5
3277,2
3278,0
3279,9
3280,6
3281,10
3282,9
3283,5
3284,9
3285,10
3286,7
3287,3
3288,4
3289,2
3290,7
3291,9
3292,10
3293,2
3294,10
3295,6
3296,8
3297,10
3298,9
3299,7
3300,5
3301,9
3302,1
3303,0
3304,10
3305,2
3306,9
3307,8
3308,10
3309,2
3310,1
3311,9
3312,9
3313,10
3314,8
3315,10
3316,2
3317,9
3318,6
3319,3
3320,1
3321,10
3322,8
3323,3
3324,10
3325,2
3326,2
3327,5
3328,10
3329,4
3330,10
3331,9
3332,8
3333,10
3334,10
3335,2
3336,9
3337,10
3338,10
3339,2
3340,6
3341,10
3342,2
3343,10
3344,3
3345,4
3346,9
